{
  "description": "项目配置文件。",
  "packOptions": {
    "ignore": []
  },
  "setting": {
    "urlCheck": true,
    "minified": true,
    "es6": false
  },
  "compileType": "miniprogram",
  "libVersion": "",
  "appid": "wx2af31712e242d62a",
  "projectname": "uni-answer",
  "condition": {
    "search": {
      "current": -1,
      "list": []
    },
    "conversation": {
      "current": -1,
      "list": []
    },
    "game": {
      "current": -1,
      "list": []
    },
    "miniprogram": {
      "current": -1,
      "list": []
    }
  }
}